-- phpMyAdmin SQL Dump
-- version 5.1.1
-- https://www.phpmyadmin.net/
--
-- 主机： localhost
-- 生成日期： 2022-02-13 21:13:45
-- 服务器版本： 10.3.31-MariaDB-0+deb10u1
-- PHP 版本： 7.3.31-1~deb10u1

SET SQL_MODE = "NO_AUTO_VALUE_ON_ZERO";
START TRANSACTION;
SET time_zone = "+00:00";


/*!40101 SET @OLD_CHARACTER_SET_CLIENT=@@CHARACTER_SET_CLIENT */;
/*!40101 SET @OLD_CHARACTER_SET_RESULTS=@@CHARACTER_SET_RESULTS */;
/*!40101 SET @OLD_COLLATION_CONNECTION=@@COLLATION_CONNECTION */;
/*!40101 SET NAMES utf8mb4 */;

--
-- 数据库： `imakerkit`
--

-- --------------------------------------------------------

--
-- 表的结构 `admin`
--

CREATE TABLE `admin` (
  `admin_student_id` bigint(20) NOT NULL,
  `admin_name` varchar(20) NOT NULL,
  `password` char(40) DEFAULT NULL,
  `card_uid` char(8) NOT NULL
) ENGINE=InnoDB DEFAULT CHARSET=utf8;

--
-- 转存表中的数据 `admin`
--

INSERT INTO `admin` (`admin_student_id`, `admin_name`, `password`, `card_uid`) VALUES
(2018141531010, '管理员1', '3d4f2bf07dc1be38b20cd6e46949a1071f9d0e3d', 'bbbbbbbb'),
(2018141531011, '管理员2', '7c4a8d09ca3762af61e59520943dc26494f8941b', 'd1a1457a');

-- --------------------------------------------------------

--
-- 表的结构 `class_info`
--

CREATE TABLE `class_info` (
  `class_id` int(11) NOT NULL,
  `class_name` varchar(45) NOT NULL
) ENGINE=InnoDB DEFAULT CHARSET=utf8;

--
-- 转存表中的数据 `class_info`
--

INSERT INTO `class_info` (`class_id`, `class_name`) VALUES
(1, '开发板'),
(2, '电子元件'),
(3, '传感器模块'),
(4, '书籍'),
(5, '开发套件'),
(6, '工具');

-- --------------------------------------------------------

--
-- 表的结构 `item_info`
--

CREATE TABLE `item_info` (
  `item_id` bigint(20) NOT NULL,
  `name` varchar(80) NOT NULL,
  `remarks` text DEFAULT NULL,
  `price` float NOT NULL,
  `stock_date` date DEFAULT NULL,
  `class_id` int(11) DEFAULT NULL,
  `shelf_id` varchar(20) DEFAULT NULL,
  `state` smallint(6) NOT NULL DEFAULT 1 COMMENT '0已借出，1可用，2被预约'
) ENGINE=InnoDB DEFAULT CHARSET=utf8;

--
-- 转存表中的数据 `item_info`
--

INSERT INTO `item_info` (`item_id`, `name`, `remarks`, `price`, `stock_date`, `class_id`, `shelf_id`, `state`) VALUES
(10000001, 'Arduino Uno', '普通的Uno开发板', 30, '2019-08-01', 1, '1', 1),
(10000002, 'Arduino Uno', '普通的Uno开发板', 30, '2019-08-01', 1, '1', 1),
(10000003, '树莓派4B', '2GB 内存', 300, '2021-11-01', 1, '1', 1),
(10000004, '树莓派4B', '4GB版本', 400, '2021-11-01', 1, '1', 1),
(10000005, '树莓派4B', '4GB版本', 400, '2021-11-01', 1, '1', 1),
(10000006, '华为Atlas 200', '一款高性能AI应用开发板，集成了昇腾310 AI处理器，方便用户快速开发、快速验证，可广泛应用于开发者方案验证、高校教育、科学研究等场景。', 3800, '2021-11-01', 1, '2', 1),
(10000007, '华为Atlas 200', '一款高性能AI应用开发板，集成了昇腾310 AI处理器，方便用户快速开发、快速验证，可广泛应用于开发者方案验证、高校教育、科学研究等场景。', 3800, '2021-11-01', 1, '2', 1),
(10000008, '华为Atlas 200', '一款高性能AI应用开发板，集成了昇腾310 AI处理器，方便用户快速开发、快速验证，可广泛应用于开发者方案验证、高校教育、科学研究等场景。', 3800, '2021-11-01', 1, '2', 1),
(10000009, '华为Atlas 200', '一款高性能AI应用开发板，集成了昇腾310 AI处理器，方便用户快速开发、快速验证，可广泛应用于开发者方案验证、高校教育、科学研究等场景。', 3800, '2021-11-01', 1, '2', 1),
(10000010, 'Arduino pro micro', '基于ATmega32U4的开发板', 30, '2020-10-01', 1, '3-1', 0),
(10000011, 'Arduino pro micro', '基于ATmega32U4的开发板', 30, '2020-10-01', 1, '3-1', 1),
(10000012, 'Arduino pro micro', '基于ATmega32U4的开发板', 30, '2020-10-01', 1, '3-1', 1),
(10000013, 'Arduino pro micro', '基于ATmega32U4的开发板', 30, '2020-10-01', 1, '3-1', 1),
(10000014, 'Arduino pro micro', '基于ATmega32U4的开发板', 30, '2020-10-01', 1, '3-1', 1),
(10000015, 'Arduino pro micro', '基于ATmega32U4的开发板', 30, '2020-10-01', 1, '3-1', 1),
(10000016, 'Arduino pro micro', '基于ATmega32U4的开发板', 30, '2020-10-01', 1, '3-1', 1),
(10000017, '树莓派2B', '没有wifi，需要另插', 150, '2018-09-01', 1, '1-1', 1),
(10000018, '树莓派4B', '4GB版本', 400, '2021-12-01', 1, '2-1', 1),
(10000019, '树莓派4B', '4GB版本', 400, '2021-12-01', 1, '2-1', 1),
(10000020, '树莓派4B', '4GB版本', 400, '2021-12-01', 1, '2-1', 1),
(10000021, '树莓派4B', '4GB版本', 400, '2021-12-01', 1, '2-1', 2),
(10000022, '树莓派4B', '4GB版本', 400, '2021-12-01', 1, '2-1', 1),
(10000023, '树莓派4B', '4GB版本', 400, '2021-12-01', 1, '2-1', 1),
(10000024, '树莓派4B', '4GB版本', 400, '2021-12-01', 1, '2-1', 1),
(10000025, '树莓派4B', '4GB版本', 400, '2021-12-01', 1, '2-1', 1),
(10000026, '树莓派4B', '4GB版本', 400, '2021-12-01', 1, '2-1', 1),
(10000027, '树莓派4B', '4GB版本', 400, '2021-12-01', 1, '2-1', 1),
(10000028, 'ESP8266', '乐鑫的开发板', 30, '2021-12-01', 1, '2-2', 1),
(10000029, 'ESP8266', '乐鑫的开发板', 30, '2021-12-01', 1, '2-2', 1),
(10000030, 'ESP8266', '乐鑫的开发板', 30, '2021-12-01', 1, '2-2', 1),
(10000031, 'ESP8266', '乐鑫的开发板', 30, '2021-12-01', 1, '2-2', 1),
(10000032, 'ESP8266', '乐鑫的开发板', 30, '2021-12-01', 1, '2-2', 1),
(10000033, 'ESP8266', '乐鑫的开发板', 30, '2021-12-01', 1, '2-2', 1),
(10000034, 'ESP8266', '乐鑫的开发板', 30, '2021-12-01', 1, '2-2', 1),
(10000035, 'ESP8266', '乐鑫的开发板', 30, '2021-12-01', 1, '2-2', 1),
(10000036, 'ESP8266', '乐鑫的开发板', 30, '2021-12-01', 1, '2-2', 1),
(10000037, 'ESP8266', '乐鑫的开发板', 30, '2021-12-01', 1, '2-2', 1),
(10000038, 'ESP8266', '乐鑫的开发板', 30, '2021-12-01', 1, '2-2', 1),
(10000039, 'ESP8266', '乐鑫的开发板', 30, '2021-12-01', 1, '2-2', 1),
(10000040, 'ESP8266', '乐鑫的开发板', 30, '2021-12-01', 1, '2-2', 1),
(10000041, 'ESP8266', '乐鑫的开发板', 30, '2021-12-01', 1, '2-2', 1),
(10000042, 'ESP8266', '乐鑫的开发板', 30, '2021-12-01', 1, '2-2', 1),
(10000043, 'ESP8266', '乐鑫的开发板', 30, '2021-12-01', 1, '2-2', 1),
(10000044, 'ESP8266', '乐鑫的开发板', 30, '2021-12-01', 1, '2-2', 1),
(10000045, 'ESP8266', '乐鑫的开发板', 30, '2021-12-01', 1, '2-2', 1),
(10000046, 'ESP8266', '乐鑫的开发板', 30, '2021-12-01', 1, '2-2', 1),
(10000047, 'ESP8266', '乐鑫的开发板', 30, '2021-12-01', 1, '2-2', 1),
(10000048, 'ESP8266', '乐鑫的开发板', 30, '2021-12-01', 1, '2-2', 1),
(10000049, 'ESP8266', '乐鑫的开发板', 30, '2021-12-01', 1, '2-2', 1),
(10000050, 'ESP8266', '乐鑫的开发板', 30, '2021-12-01', 1, '2-2', 1),
(10000051, 'ESP8266', '乐鑫的开发板', 30, '2021-12-01', 1, '2-2', 1),
(10000052, 'ESP8266', '乐鑫的开发板', 30, '2021-12-01', 1, '2-2', 1),
(10000053, 'ESP8266', '乐鑫的开发板', 30, '2021-12-01', 1, '2-2', 1),
(10000054, 'ESP8266', '乐鑫的开发板', 30, '2021-12-01', 1, '2-2', 1),
(10000055, 'ESP8266', '乐鑫的开发板', 30, '2021-12-01', 1, '2-2', 1),
(10000056, 'ESP8266', '乐鑫的开发板', 30, '2021-12-01', 1, '2-2', 1),
(10000057, 'ESP8266', '乐鑫的开发板', 30, '2021-12-01', 1, '2-2', 1),
(10000058, 'ESP8266', '乐鑫的开发板', 30, '2021-12-01', 1, '2-2', 1),
(10000059, 'ESP8266', '乐鑫的开发板', 30, '2021-12-01', 1, '2-2', 1),
(10000060, 'ESP8266', '乐鑫的开发板', 30, '2021-12-01', 1, '2-2', 1),
(10000061, 'ESP8266', '乐鑫的开发板', 30, '2021-12-01', 1, '2-2', 1),
(10000062, 'ESP8266', '乐鑫的开发板', 30, '2021-12-01', 1, '2-2', 1),
(10000063, 'ESP8266', '乐鑫的开发板', 30, '2021-12-01', 1, '2-2', 1),
(10000064, 'ESP8266', '乐鑫的开发板', 30, '2021-12-01', 1, '2-2', 1),
(10000065, 'ESP8266', '乐鑫的开发板', 30, '2021-12-01', 1, '2-2', 1),
(10000066, 'ESP8266', '乐鑫的开发板', 30, '2021-12-01', 1, '2-2', 1),
(10000067, 'ESP8266', '乐鑫的开发板', 30, '2021-12-01', 1, '2-2', 1);

-- --------------------------------------------------------

--
-- 表的结构 `lend_list`
--

CREATE TABLE `lend_list` (
  `sernum` bigint(20) NOT NULL,
  `item_id` bigint(20) NOT NULL,
  `student_id` varchar(20) NOT NULL,
  `lend_admin_id` bigint(11) DEFAULT NULL,
  `recover_admin_id` bigint(11) DEFAULT NULL,
  `lend_date` datetime DEFAULT NULL,
  `due_date` datetime DEFAULT NULL,
  `back_date` datetime DEFAULT NULL
) ENGINE=InnoDB DEFAULT CHARSET=utf8;

--
-- 转存表中的数据 `lend_list`
--

INSERT INTO `lend_list` (`sernum`, `item_id`, `student_id`, `lend_admin_id`, `recover_admin_id`, `lend_date`, `due_date`, `back_date`) VALUES
(2015040139, 10000001, '2018141531000', 2018141531010, 2018141531010, '2021-03-15 00:00:00', '2021-09-15 00:00:00', '2021-12-02 17:00:30'),
(2015040140, 10000003, '2018141531000', 2018141531010, 2018141531010, '2021-05-10 00:00:00', '2021-11-10 00:00:00', '2021-07-01 00:00:00'),
(2015040141, 10000002, '2018141531000', 2018141531010, 2018141531010, '2021-06-12 00:00:00', '2021-12-12 00:00:00', '2021-09-11 00:00:00'),
(2015040142, 10000002, '2018141531000', 2018141531010, 2018141531010, '2021-03-15 00:00:00', '2021-09-15 00:00:00', '2021-09-10 00:00:00'),
(2015040143, 10000002, '2018141531000', 2018141531010, 2018141531010, '2021-06-15 00:00:00', '2021-12-15 00:00:00', '2021-11-15 00:00:00'),
(2015040145, 10000001, '2018141531000', 2018141531010, 2018141531010, '2021-09-02 00:00:00', '2022-03-02 00:00:00', '2021-10-28 00:00:00'),
(2015040147, 10000001, '2018141531000', 2018141531010, 2018141531010, '2021-11-15 00:00:00', '2022-05-15 00:00:00', '2021-11-15 00:00:00'),
(2015040148, 10000001, '2018141531000', 2018141531010, 2018141531010, '2021-11-15 00:00:00', '2022-05-15 00:00:00', '2021-11-15 00:00:00'),
(2015040149, 10000001, '2018141531000', 2018141531010, 2018141531010, '2021-11-15 00:00:00', '2022-05-15 00:00:00', '2021-11-16 00:00:00'),
(2015040150, 10000001, '2018141531000', 2018141531010, 2018141531010, '2021-11-16 00:00:00', '2022-05-16 00:00:00', '2021-11-16 00:00:00'),
(2015040151, 10000001, '2018141531000', 2018141531010, 2018141531010, '2021-11-17 00:00:00', '2022-05-17 00:00:00', '2021-11-17 00:00:00'),
(2015040152, 10000017, '2018141531004', 2018141531011, 2018141531011, '2021-11-18 00:00:00', '2022-05-18 00:00:00', '2021-11-18 00:00:00'),
(2015040153, 10000017, '2018141531004', 2018141531011, 2018141531011, '2021-11-18 00:00:00', '2022-05-18 00:00:00', '2021-11-18 00:00:00'),
(2015040154, 10000017, '2018141531004', 2018141531011, 2018141531011, '2021-11-18 00:00:00', '2022-05-18 00:00:00', '2021-11-18 00:00:00'),
(2015040155, 10000017, '2018141531004', 2018141531011, 2018141531011, '2021-11-18 00:00:00', '2022-05-18 00:00:00', '2021-11-18 00:00:00'),
(2015040156, 10000018, '2018141531000', 2018141531010, 2018141531010, '2021-12-01 21:11:07', '2022-06-01 21:11:07', '2021-12-02 16:47:30'),
(2015040157, 10000032, '2018141531000', 2018141531010, 2018141531011, '2021-12-02 13:25:52', '2022-06-02 13:25:52', '2021-12-02 16:48:11'),
(2015040158, 10000010, '2018141531000', 2018141531010, NULL, '2021-12-02 17:00:49', '2022-06-02 17:00:49', NULL),
(2015040159, 10000002, '2018141531000', 2018141531010, 2018141531010, '2021-12-02 18:37:54', '2022-06-02 18:37:54', '2021-12-02 20:50:43');

-- --------------------------------------------------------

--
-- 表的结构 `member_info`
--

CREATE TABLE `member_info` (
  `student_id` varchar(20) NOT NULL,
  `name` varchar(16) NOT NULL,
  `college` varchar(36) NOT NULL,
  `phone` varchar(11) NOT NULL,
  `card_uid` char(8) NOT NULL,
  `card_state` smallint(6) NOT NULL DEFAULT 1,
  `wx_openid` varchar(30) DEFAULT NULL
) ENGINE=InnoDB DEFAULT CHARSET=utf8;

--
-- 转存表中的数据 `member_info`
--

INSERT INTO `member_info` (`student_id`, `name`, `college`, `phone`, `card_uid`, `card_state`, `wx_openid`) VALUES
('2018100010000', '张三', '计算机学院', '12345678142', 'abababab', 1, NULL),
('2019111151001', '李四', '软件学院', '11211221212', '11111111', 1, NULL),
('2019155553004', '王五', '计算机学院', '11155535535', 'd4dc643e', 1, NULL),
('2020333311111', '赵六', '计算机学院', '12012012000', '22222222', 1, NULL);

-- --------------------------------------------------------

--
-- 表的结构 `reservation_list`
--

CREATE TABLE `reservation_list` (
  `sernum` bigint(20) NOT NULL,
  `student_id` varchar(20) NOT NULL,
  `item_id` bigint(20) NOT NULL,
  `start_time` datetime NOT NULL,
  `due_time` datetime NOT NULL
) ENGINE=InnoDB DEFAULT CHARSET=utf8;

--
-- 转储表的索引
--

--
-- 表的索引 `admin`
--
ALTER TABLE `admin`
  ADD PRIMARY KEY (`admin_student_id`);

--
-- 表的索引 `class_info`
--
ALTER TABLE `class_info`
  ADD PRIMARY KEY (`class_id`);

--
-- 表的索引 `item_info`
--
ALTER TABLE `item_info`
  ADD PRIMARY KEY (`item_id`);

--
-- 表的索引 `lend_list`
--
ALTER TABLE `lend_list`
  ADD PRIMARY KEY (`sernum`);

--
-- 表的索引 `member_info`
--
ALTER TABLE `member_info`
  ADD PRIMARY KEY (`student_id`);

--
-- 表的索引 `reservation_list`
--
ALTER TABLE `reservation_list`
  ADD PRIMARY KEY (`sernum`);

--
-- 在导出的表使用AUTO_INCREMENT
--

--
-- 使用表AUTO_INCREMENT `item_info`
--
ALTER TABLE `item_info`
  MODIFY `item_id` bigint(20) NOT NULL AUTO_INCREMENT, AUTO_INCREMENT=10000068;

--
-- 使用表AUTO_INCREMENT `lend_list`
--
ALTER TABLE `lend_list`
  MODIFY `sernum` bigint(20) NOT NULL AUTO_INCREMENT, AUTO_INCREMENT=2015040160;

--
-- 使用表AUTO_INCREMENT `reservation_list`
--
ALTER TABLE `reservation_list`
  MODIFY `sernum` bigint(20) NOT NULL AUTO_INCREMENT, AUTO_INCREMENT=10000022;
COMMIT;

/*!40101 SET CHARACTER_SET_CLIENT=@OLD_CHARACTER_SET_CLIENT */;
/*!40101 SET CHARACTER_SET_RESULTS=@OLD_CHARACTER_SET_RESULTS */;
/*!40101 SET COLLATION_CONNECTION=@OLD_COLLATION_CONNECTION */;

